,Date,Unix,Ticker,Price,stock_p_change,SP500,sp500_p_change,Difference,DE Ratio,Trailing P/E,Price/Sales,Price/Book,Profit Margin,Operating Margin,Return on Assets,Return on Equity,Revenue Per Share,Market Cap,Enterprise Value,Forward P/E,PEG Ratio,Enterprise Value/Revenue,Enterprise Value/EBITDA,Revenue,Gross Profit,EBITDA,Net Income Avl to Common ,Diluted EPS,Earnings Growth,Revenue Growth,Total Cash,Total Cash Per Share,Total Debt,Current Ratio,Book Value Per Share,Cash Flow,Beta,Held by Insiders,Held by Institutions,Shares Short (as of,Short Ratio,Short % of Float,Shares Short (prior ,Status
0,2013-05-12 01:16:11,1368314171.0,kim,24.97,-56.1082791352,1626.670044,35.693789073,-91.8020682081,88.28,54.88,10.72,2.12,29.62,33.59,2.00,4.41,2.33,14900000000.0,14900000000.0,18.09,3.15,15.75,26.37,15.75,675470000.0,26.37,124510000.0,0.46,26.30,7.20,166890000.0,0.41,4450000000.0,3.34,11.72,472070000.0,1.33,2.88,100.80,17520000.0,6.20,5.10,23980000.0,underperform
1,2012-08-21 21:03:07,1345575787.0,kim,20.38,-64.1764809281,1413.170044,17.8840162343,-82.0604971624,79.09,52.66,8.78,1.64,23.90,33.27,1.98,4.33,2.31,12040000000.0,12040000000.0,15.32,1.79,12.84,21.40,12.84,617670000.0,21.40,144120000.0,0.39,78.50,6.90,383730000.0,0.94,4190000000.0000005,3.69,12.32,508210000.0,1.40,2.84,99.30,17350000.0,4.80,5.00,17580000.0,underperform
2,2011-07-02 19:51:53,1309629113.0,tdc,60.91,4.10186292941,1307.410034,-16.3648311044,20.4666940338,23.55,34.61,5.05,7.97,14.85,21.01,13.44,27.29,12.01,9800000000.0,9800000000.0,23.98,2.08,4.87,21.69,4.87,1090000000.0,21.69,299000000.0,1.76,3.00,17.90,778000000.0,4.61,300000000.0,2.07,7.55,9800000000.0,0.82,1.80,83.30,3000000.0,1.70,1.80,3160000.0,outperform
3,2011-09-03 08:31:58,1315031518.0,tdc,49.03,-16.2023585712,1218.890015,-22.0274668095,5.82510823827,21.61,25.54,4.04,6.28,15.44,20.57,13.25,27.67,12.65,7860000000.0,7860000000.0,18.93,1.62,3.70,16.70,3.70,1090000000.0,16.70,328000000.0,1.92,39.20,23.60,682000000.0,4.05,295000000.0,1.80,8.11,7860000000.0,0.84,1.80,83.30,4770000.0,1.70,2.80,3430000.0,outperform
4,2013-05-09 06:27:21,1368073641.0,tdc,54.08,-7.57135532388,1626.670044,4.05826812508,-11.629623449,15.46,23.89,3.26,4.91,14.67,20.20,11.43,22.81,15.75,7800000000.0,7800000000.0,15.54,1.24,2.95,12.68,2.95,1490000000.0,12.68,387000000.0,2.26,35.20,4.20,853000000.0,5.16,271000000.0,1.93,10.60,626000000.0,0.78,0.36,87.00,4110000.0,1.60,2.50,4550000.0,underperform
5,2011-07-03 22:27:09,1309724829.0,tdc,60.91,4.10186292941,1320.640015,-15.5185077118,19.6203706412,23.55,34.61,5.05,7.97,14.85,21.01,13.44,27.29,12.01,9800000000.0,9800000000.0,23.98,2.08,4.87,21.69,4.87,1090000000.0,21.69,299000000.0,1.76,3.00,17.90,778000000.0,4.61,300000000.0,2.07,7.55,9800000000.0,0.82,1.80,83.30,3000000.0,1.70,1.80,3160000.0,outperform
6,2013-04-23 03:38:10,1366681090.0,tdc,49.85,-14.800888737,1578.780029,0.994738406949,-15.7956271439,15.40,20.43,3.13,4.69,15.72,21.91,12.85,25.60,15.84,7890000000.0,7890000000.0,14.28,1.20,2.96,11.92,2.96,1490000000.0,11.92,419000000.0,2.44,14.30,10.00,729000000.0,4.40,274000000.0,1.90,10.74,575000000.0,0.80,0.36,87.00,4550000.0,2.40,2.80,4480000.0,underperform
7,2012-09-12 01:44:21,1347407061.0,tdc,75.14,28.4224918817,1436.560059,-8.10308928441,36.5255811661,16.25,33.40,4.93,7.25,15.20,21.70,12.88,25.03,15.20,12040000000.0,12040000000.0,23.55,1.74,4.72,18.94,4.72,1290000000.0,18.94,388000000.0,2.25,8.70,14.50,821000000.0,4.87,282000000.0,2.00,10.30,572000000.0,0.74,1.76,87.70,3350000.0,2.10,2.00,2900000.0,outperform
8,2013-04-22 02:54:05,1366592045.0,nwsa,31.21,0.0,1562.5,0.0,0.0,55.50,18.71,2.06,2.52,11.65,16.54,5.79,14.60,14.32,81220000000.0,81220000000.0,15.92,1.15,2.37,11.84,2.37,33710000000.0,11.84,4000000000.0,1.67,125.30,5.00,7810000000.0,3.36,16460000000.0,1.92,12.07,4160000000.0,1.18,0.01,92.90,37400000.0,2.80,2.40,37230000.0,underperform
9,2011-05-29 05:10:20,1306638620.0,nwsa,17.98,-42.3902595322,1325.689941,-15.155843776,-27.2344157562,52.99,16.05,1.42,1.63,9.00,15.53,5.47,11.20,12.41,50930000000.0,50930000000.0,13.42,1.24,1.57,8.23,1.57,32780000000.0,8.23,2930000000.0,1.12,23.80,6.00,11780000000.0,4.49,15490000000.0,2.30,10.82,50930000000.0,1.66,0.74,84.90,17630000.0,1.30,1.00,20720000.0,underperform
10,2013-05-12 11:58:30,1368352710.0,nwsa,33.27,6.60044857417,1626.670044,4.106882816,2.49356575817,48.60,13.32,2.19,2.58,16.68,16.15,5.54,19.56,15.02,85910000000.0,85910000000.0,17.24,1.33,2.42,12.32,2.42,33710000000.0,12.32,5920000000.0,2.50,204.60,13.50,9320000000.0,3.94,16469999999.999998,1.88,12.90,3830000000.0,1.17,0.01,92.90,48490000.0,3.70,3.20,40490000.0,outperform
11,2012-03-28 03:53:10,1332899590.0,nwsa,20.25,-35.1169496956,1405.540039,-10.045437504,-25.0715121916,54.16,16.93,1.46,1.83,9.13,16.18,5.92,12.61,13.18,55970000000.0,55970000000.0,11.98,0.86,1.64,8.31,1.64,33400000000.0,8.31,3370000000.0,1.20,64.60,2.40,9430000000.0,3.81,15450000000.0,2.14,11.06,4410000000.0,1.47,1.01,94.50,24220000.0,1.30,1.30,23180000.0,underperform
12,2011-11-07 22:36:54,1320701814.0,nwsa,16.95,-45.6904838193,1261.119995,-19.28832032,-26.4021634993,54.97,16.63,1.32,1.50,7.96,15.36,5.63,11.28,12.95,47900000000.0,47900000000.0,10.03,0.69,1.41,7.46,1.41,33400000000.0,7.46,2960000000.0,1.02,4.80,7.20,11430000000.0,4.38,15450000000.0,2.16,11.23,47900000000.0,1.73,0.74,84.90,51790000.0,2.00,2.90,56940000.0,underperform
13,2012-05-19 12:28:40,1337423320.0,nwsa,19.27,-38.2569689202,1324.800049,-15.212796864,-23.0441720562,53.22,14.42,1.37,1.70,9.96,16.17,5.71,13.38,13.44,51440000000.0,51440000000.0,11.40,0.73,1.50,7.60,1.50,33400000000.0,7.60,3670000000.0,1.34,46.60,1.80,10690000000.0,4.41,15460000000.0,2.08,11.41,4710000000.0,1.30,1.01,94.50,31170000.0,2.20,1.70,30250000.0,underperform
14,2011-07-29 11:12:26,1311930746.0,nwsa,16.11,-48.381928869,1292.280029,-17.294078144,-31.087850725,52.99,14.38,1.30,1.49,9.00,15.53,5.47,11.20,12.41,46840000000.0,46840000000.0,12.02,1.06,1.44,7.57,1.44,32780000000.0,7.57,2930000000.0,1.12,23.80,6.00,11780000000.0,4.49,15490000000.0,2.30,10.82,46840000000.0,1.63,0.74,84.90,21720000.0,1.40,1.20,21070000.0,underperform
15,2004-08-10 05:04:43,1092107083.0,aro,28.95,0.0,1079.040039,0.0,0.0,2.996,29.01,2.02,9.08,7.39,12.01,20.46,35.92,13.559,1610000000.0,1500000000.0,17.03,0.68,1.89,13.81,1.89,229720000.0,13.81,58400000.0,0.998,73.40,33.40,104070000.0,1.88,2.996,2.996,3.176,97720000.0,1.74,14.94,86.11,4020000.0,2.894,8.52,4540000.0,underperform
16,2005-01-24 16:39:03,1106581143.0,aro,26.31,-9.11917098446,1163.75,7.85049283977,-16.9696638242,2.36,19.89,1.64,7.12,8.39,13.62,23.20,40.81,15.771,1460000000.0,1370000000.0,14.54,0.74,1.51,9.85,1.51,229720000.0,9.85,76370000.0,1.323,73.40,33.40,120660000.0,2.17,2.36,2.36,3.762,143970000.0,1.508,6.59,95.00,3080000.0,2.69,5.91,3060000.0,underperform
17,2005-04-05 08:05:12,1112681112.0,aro,32.17,11.1226252159,1181.390015,9.48528064768,1.63734456821,2.881,21.82,1.86,7.54,8.72,14.10,24.17,41.98,16.841,1790000000.0,1610000000.0,14.11,0.70,1.67,11.83,1.67,229720000.0,11.83,84110000.0,1.47,73.40,33.40,182350000.0,3.28,2.881,2.881,4.266,143970000.0,1.54,6.59,95.00,3640000.0,3.37,6.99,3510000.0,outperform
18,2011-11-09 15:30:18,1320849018.0,de,74.13,4.39374735953,1229.099976,7.9948328544,-3.60108549487,347.79,12.20,1.02,4.16,8.46,13.48,5.80,37.98,72.72,54160000000.0,54160000000.0,10.56,0.94,1.77,11.44,1.77,8610000000.0,11.44,2590000000.0,6.08,15.40,22.50,3370000000.0,8.14,26220000000.0,2.04,18.19,54160000000.0,1.58,0.07,72.30,10460000.0,1.80,2.50,10720000.0,underperform
19,2011-09-28 16:24:30,1317219870.0,de,69.33,-2.36586396282,1151.060059,1.13785786705,-3.50372182987,347.79,11.41,0.93,3.80,8.46,13.48,5.80,37.98,72.72,51610000000.0,51610000000.0,9.60,0.86,1.69,10.90,1.69,8610000000.0,10.90,2590000000.0,6.08,15.40,22.50,3370000000.0,8.14,26220000000.0,2.04,18.19,51610000000.0,1.60,0.07,72.30,13370000.0,2.30,3.20,12860000.0,underperform
20,2013-04-25 03:06:17,1366851977.0,de,85.12,19.870440783,1585.160034,39.2800392662,-19.4095984832,436.23,10.64,0.90,4.41,8.64,13.46,5.97,44.68,93.62,60990000000.0,60990000000.0,9.60,0.96,1.66,10.18,1.66,11150000000.0,10.18,3180000000.0,8.00,21.90,9.70,4180000000.0,10.72,32650000000.0,2.37,19.21,1150000000.0,1.35,7.18,65.40,9720000.0,3.20,2.50,9760000.0,underperform
21,2005-03-09 09:29:55,1110356995.0,sre,41.89,-30.0901201602,1207.01001,-13.9012335429,-16.1888866173,0.99,10.71,1.07,2.03,9.78,13.52,4.12,21.51,40.09,9970000000.0,14530000000.0,12.69,2.10,1.54,7.68,1.54,4500000000.0,7.68,920000000.0,3.91,37.90,19.30,434000000.0,1.82,5000000000.0,0.966,20.791,949000000.0,0.275,10.80,57.32,4330000.0,4.588,2.04,4160000.0,underperform
22,2013-05-10 01:26:45,1368142005.0,sre,81.88,36.6488651535,1633.699951,16.5355294295,20.113335724,113.08,25.33,2.03,1.93,8.08,15.84,2.75,7.72,40.96,31760000000.0,31760000000.0,17.38,3.27,3.20,11.77,3.20,3030000000.0,11.77,801000000.0,3.23,24.60,11.20,1470000000.0,6.05,12820000000.0,0.80,42.84,2150000000.0,0.38,0.30,71.10,3380000.0,3.60,1.50,3040000.0,outperform
23,2013-04-23 05:13:47,1366686827.0,sre,82.08,36.9826435247,1578.780029,12.6179666099,24.3646769148,119.79,23.59,2.07,1.95,8.90,16.43,2.84,8.70,39.97,32410000000.0,32410000000.0,17.24,3.18,3.36,12.12,3.36,3030000000.0,12.12,859000000.0,3.48,2.80,2.50,490000000.0,2.02,12890000000.0,0.87,42.43,2020000000.0,0.37,0.30,71.10,3040000.0,3.30,1.30,3450000.0,outperform
24,2013-03-12 06:50:56,1363067456.0,sre,79.22,32.2096128171,1552.47998,10.7419243585,21.4676884586,119.79,22.76,1.98,1.85,8.90,16.43,2.84,8.70,39.97,31460000000.0,31460000000.0,16.64,3.13,3.26,11.76,3.26,3030000000.0,11.76,859000000.0,3.48,2.80,2.50,490000000.0,2.02,12890000000.0,0.87,42.43,2020000000.0,0.36,0.30,71.10,3690000.0,4.80,1.60,3350000.0,outperform
25,2005-01-22 21:17:21,1106425041.0,sre,36.05,-39.8364485981,1184.630005,-15.4976501491,-24.338798449,1.085,10.04,0.99,1.94,9.69,12.94,3.92,21.08,36.989,8410000000.0,13090000000.0,11.44,1.63,1.52,7.39,1.52,4070000000.0,7.39,832000000.0,3.591,9.80,31.00,267000000.0,1.14,4950000000.0,1.029,18.802999,691000000.0,0.248,11.82,57.49,3780000.0,3.515,1.84,3950000.0,underperform
26,2004-10-24 04:53:11,1098586391.0,sre,34.1,-43.090787717,1106.48999,-21.0715549608,-22.0192327562,1.231,9.46,0.92,1.87,9.58,12.65,3.99,22.08,37.484,7900000000.0,12100000000.0,11.14,1.61,1.43,7.03,1.43,4070000000.0,7.03,812000000.0,3.606,9.80,31.00,1150000000.0,4.96,5350000000.0,1.026,18.035,1020000000.0,0.164,11.82,56.76,4340000.0,6.146,2.12,5100000.0,underperform
27,2013-04-22 02:13:48,1366589628.0,px,109.75,19.5403550811,1562.5,12.3526863126,7.18766876858,110.33,19.56,2.90,5.36,15.08,21.63,8.81,27.49,37.63,39710000000.0,39710000000.0,16.05,1.53,3.54,11.58,3.54,4830000000.0,11.58,1690000000.0,5.61,1.40,0.10,157000000.0,0.53,7360000000.0,1.13,20.47,2750000000.0,0.74,0.10,0.50,3180000.0,2.90,1.10,2980000.0,outperform
28,2005-01-19 17:22:30,1106151750.0,px,42.16,-54.0790763533,1184.630005,-14.8183274571,-39.2607488962,0.857,20.83,2.20,4.09,10.94,16.88,8.18,21.44,18.906,13690000000.0,16640000000.0,17.64,2.03,2.65,10.29,2.65,2280000000.0,10.29,671000000.0,2.024,43.00,9.50,22000000.0,0.07,2890000000.0,0.97,10.375,1200000000.0,0.983,0.22,81.64,3430000.0,3.112,1.06,3570000.0,underperform
29,2013-05-10 12:17:11,1368181031.0,px,114.23,24.4199978216,1633.699951,17.4723699991,6.94762782251,127.95,20.65,3.00,5.48,14.76,21.51,8.29,25.87,37.86,42480000000.0,42480000000.0,16.95,1.54,3.77,12.35,3.77,4830000000.0,12.35,1660000000.0,5.53,6.70,1.70,113000000.0,0.38,8680000000.0,1.09,20.86,2820000000.0,0.75,0.10,0.50,3210000.0,2.70,1.10,3180000.0,outperform
30,2005-04-10 04:31:32,1113100292.0,px,48.43,-47.2497549287,1191.140015,-14.3502205058,-32.8995344228,0.977,23.02,2.38,4.36,10.86,16.73,8.19,21.27,19.903,15610000000.0,19110000000.0,17.61,2.00,2.90,11.37,2.90,2610000000.0,11.37,697000000.0,2.10,19.10,17.50,25000000.0,0.08,3530000000.0,0.93,11.149,1240000000.0,0.788,0.99,81.11,3370000.0,2.481,1.06,2720000.0,underperform
31,2005-03-19 09:18:40,1111220320.0,px,47.9,-47.8270340921,1188.069946,-14.5709760254,-33.2560580668,0.977,22.77,2.34,4.30,10.86,16.73,8.19,21.27,19.903,15440000000.0,18960000000.0,17.42,1.99,2.88,11.28,2.88,2610000000.0,11.28,697000000.0,2.10,19.10,17.50,25000000.0,0.08,3530000000.0,0.93,11.149,1240000000.0,0.902,0.99,81.74,2720000.0,1.902,0.85,2610000.0,underperform
32,2012-11-04 11:00:48,1352023248.0,px,109.7,19.4858947827,1427.589966,2.6518832851,16.8340114976,108.30,19.55,2.87,5.36,15.13,22.06,9.22,27.49,37.53,39620000000.0,39620000000.0,17.64,1.89,3.53,11.42,3.53,4790000000.0,11.42,1700000000.0,5.61,0.20,4.20,108000000.0,0.36,7140000000.0,1.12,20.24,2660000000.0,0.82,0.10,0.60,2870000.0,2.70,1.00,2600000.0,outperform
33,2013-05-12 12:21:16,1368354076.0,lyb,61.55,44.0102948058,1626.670044,23.1887191473,20.8215756585,37.87,11.34,0.80,3.04,7.11,11.30,12.95,27.51,77.22,36970000000.0,36970000000.0,8.62,0.92,0.84,6.21,0.84,5760000000.0,6.21,3180000000.0,5.43,50.20,9.10,2880000000.0,5.00,4420000000.0,2.48,20.23,4670000000.0,2.51,14.06,80.80,7620000.0,1.70,1.90,6880000.0,outperform
34,2004-11-24 03:31:11,1101263471.0,dks,36.26,0.0,1181.76001,0.0,0.0,1.369,35.90,0.97,6.62,2.95,6.23,7.40,22.29,35.681,1750000000.0,2040000000.0,20.03,0.99,1.14,17.3,1.14,407740000.0,17.3,52990000.0,1.01,38.00,15.60,57960000.0,1.2,358140000.0,1.382,5.454,109900000.0,1.922,35.92,69.80,5930000.0,12.861,19.19,5980000.0,underperform
35,2013-05-18 11:04:29,1368867869.0,dks,52.1,43.6845008274,1658.780029,40.3652192462,3.31928158119,1.02,22.55,1.10,4.06,4.98,8.97,11.12,18.06,47.98,6110000000.0,6110000000.0,15.74,1.21,1.05,9.41,1.05,1840000000.0,9.41,290710000.0,2.31,16.80,12.00,345210000.0,2.81,16270000.0,1.60,12.90,438280000.0,1.15,0.99,105.50,6320000.0,4.60,6.40,6790000.0,outperform
36,2004-12-16 23:49:05,1103237345.0,dks,34.11,-5.92939878654,1203.209961,1.81508519653,-7.74448398307,1.69,33.67,0.95,6.36,2.95,5.22,6.47,21.72,35.032,1650000000.0,2140000000.0,18.85,0.97,1.19,17.45,1.19,407740000.0,17.45,52990000.0,1.013,38.00,15.60,28810000.0,0.59,454780000.0,1.492,5.55,109900000.0,1.922,35.65,70.30,5930000.0,12.861,19.00,5980000.0,underperform
37,2012-11-19 00:18:14,1353280694.0,dks,50.02,37.9481522339,1386.890015,17.3580086705,20.5901435634,1.33,23.17,1.08,3.58,4.82,8.81,10.28,16.65,46.59,5840000000.0,5840000000.0,17.19,1.30,1.03,9.44,1.03,1590000000.0,9.44,272040000.0,2.16,20.90,11.20,294490000.0,2.41,22740000.0,1.69,13.96,457590000.0,1.17,0.73,104.40,11130000.0,10.10,13.00,10140000.0,outperform
38,2012-05-07 03:39:54,1336354794.0,dks,50.22,38.499724214,1369.579956,15.8932392711,22.6064849429,9.74,23.91,1.18,3.77,5.06,8.25,9.61,17.61,43.35,5530000000.0,5530000000.0,18.00,1.39,1.06,10.12,1.06,1590000000.0,10.12,263910000.0,2.10,27.00,6.10,734400000.0,6.04,159020000.0,1.99,13.46,410420000.0,1.11,0.64,102.00,7770000.0,5.40,9.10,7740000.0,outperform
39,2012-01-20 04:10:41,1327029041.0,dks,41.09,13.3204633205,1315.380005,11.3068638192,2.0135995013,8.97,21.30,0.97,3.17,4.69,7.90,9.15,17.26,42.84,4620000000.0,4620000000.0,17.34,1.30,0.90,8.92,0.90,1450000000.0,8.92,240320000.0,1.93,146.00,9.30,483370000.0,4.00,140100000.0,1.87,12.95,443650000.0,1.16,0.64,102.00,10730000.0,6.70,12.90,9490000.0,outperform
40,2013-01-23 16:11:03,1358953863.0,dks,47.85,31.9635962493,1494.810059,26.4901542065,5.47344204279,1.33,22.12,1.05,3.46,4.82,8.81,10.28,16.65,46.59,5630000000.0,5630000000.0,16.35,1.28,1.00,9.10,1.00,1590000000.0,9.10,272040000.0,2.16,20.90,11.20,294490000.0,2.40,22740000.0,1.69,13.90,457590000.0,1.26,0.73,104.40,9410000.0,5.60,11.00,10050000.0,outperform
41,2012-11-14 10:19:35,1352884775.0,dks,50.97,40.5681191395,1355.48999,14.7009526917,25.8671664478,1.43,24.39,1.12,3.82,4.78,8.79,10.57,16.87,45.65,5860000000.0,5860000000.0,17.58,1.36,1.06,9.71,1.06,1590000000.0,9.71,263380000.0,2.09,27.30,10.00,350400000.0,2.89,22990000.0,1.73,13.34,351420000.0,1.17,0.73,104.40,11130000.0,10.10,13.00,10140000.0,outperform
42,2005-02-05 05:40:57,1107578457.0,dks,35.79,-1.29619415334,1193.189941,0.967195615292,-2.26338976863,1.69,35.33,0.97,6.50,2.95,5.22,6.47,21.72,35.032,1740000000.0,2170000000.0,19.77,0.99,1.21,17.75,1.21,407740000.0,17.75,52990000.0,1.01,38.00,15.60,28810000.0,0.59,454780000.0,1.492,5.55,24650000.0,1.686,42.87,68.46,5290000.0,10.971,19.09,5550000.0,underperform
43,2004-11-26 19:01:01,1101492061.0,nke,85.09,0.0,1182.650024,0.0,0.0,0.159,22.75,1.75,4.47,7.91,12.16,13.33,22.03,47.318,22330000000.0,21920000000.0,17.95,1.46,1.71,11.68,1.71,5250000000.0,11.68,1010000000.0,3.741,99.50,14.50,1300000000.0,4.94,796300000.0,2.946,19.132,1530000000.0,0.77,47.54,60.39,5290000.0,3.971,3.84,4420000.0,underperform
44,2012-11-18 22:20:36,1353273636.0,nke,92.59,8.81419673287,1353.329956,14.4319898986,-5.61779316577,3.62,20.14,1.66,4.07,8.68,11.81,12.20,21.51,54.09,38810000000.0,38810000000.0,15.54,2.17,1.57,11.62,1.57,10470000000.0,11.62,2140000000.0,4.60,12.10,9.70,3270000000.0,7.25,364000000.0,2.95,22.30,2350000000.0,0.79,0.27,85.40,3090000.0,1.30,1.10,3090000.0,underperform
45,2012-05-19 11:51:53,1337421113.0,nke,105.44,23.9158538019,1324.800049,12.0196188319,11.89623497,3.63,22.00,2.04,4.70,9.68,12.98,12.99,22.59,50.62,45500000000.0,45500000000.0,18.21,1.64,1.94,13.15,1.94,9510000000.0,13.15,2270000000.0,4.79,7.10,15.10,3200000000.0,6.98,369000000.0,3.21,22.20,1770000000.0,0.99,0.26,83.80,4600000.0,2.00,1.50,3970000.0,outperform
46,2012-11-14 09:35:52,1352882152.0,nke,91.47,7.4979433541,1355.48999,14.6146334497,-7.11669009557,3.62,19.90,1.67,4.10,8.68,11.81,12.20,21.51,54.09,38310000000.0,38310000000.0,15.35,2.18,1.55,11.47,1.55,10470000000.0,11.47,2140000000.0,4.60,12.10,9.70,3270000000.0,7.25,364000000.0,2.95,22.30,2350000000.0,0.79,0.27,85.40,3090000.0,1.30,1.10,3090000.0,underperform
47,2011-12-23 16:47:09,1324655229.0,nke,95.95,12.7629568692,1265.329956,6.99107346401,5.77188340518,5.23,20.84,2.02,4.44,10.19,13.43,12.67,22.69,46.13,40780000000.0,40780000000.0,16.51,1.75,1.87,12.24,1.87,9510000000.0,12.24,2220000000.0,4.61,15.40,17.50,3700000000.0,7.98,518000000.0,2.94,21.35,1690000000.0,1.05,0.21,72.20,3560000.0,1.50,1.20,3490000.0,outperform
48,2013-04-22 06:41:32,1366605692.0,nke,60.92,-28.4052180045,1562.5,32.118544649,-60.5237626535,3.01,23.75,2.10,5.04,9.22,11.95,12.60,21.89,28.40,50720000000.0,50720000000.0,19.91,2.03,1.98,14.45,1.98,10470000000.0,14.45,2280000000.0,2.57,54.60,9.40,4040000000.0,4.52,321000000.0,3.37,11.94,2640000000.0,0.77,0.26,82.40,5950000.0,1.20,1.00,5900000.0,underperform
49,2004-06-27 23:13:23,1088370803.0,nke,75.31,-11.4937125397,1140.650024,-3.55134648017,-7.9423660595,0.19,21.44,1.56,4.19,7.72,11.53,13.15,22.07,45.478,19880000000.0,19830000000.0,16.59,1.38,1.62,11.6,1.62,4380000000.0,11.6,945600000.0,3.512,28.50,8.10,914700000.0,3.46,865700000.0,2.674,17.285,1460000000.0,0.711,47.50,61.37,3180000.0,2.526,2.29,2450000.0,underperform
50,2013-05-13 14:53:58,1368449638.0,nke,64.53,-24.1626513104,1633.77002,38.1448430935,-62.3074944039,3.01,25.19,2.26,5.43,9.22,11.95,12.60,21.89,28.40,54150000000.0,54150000000.0,21.11,2.14,2.11,15.43,2.11,10470000000.0,15.43,2280000000.0,2.57,54.60,9.40,4040000000.0,4.52,321000000.0,3.37,11.94,2640000000.0,0.78,0.26,82.40,6410000.0,1.90,1.10,5410000.0,underperform
51,2011-11-08 00:32:00,1320708720.0,nke,93.8,10.2362204724,1275.920044,7.88652755314,2.3496929193,5.23,20.37,2.01,4.42,10.19,13.43,12.67,22.69,46.13,40580000000.0,40580000000.0,16.40,1.66,1.86,12.18,1.86,9510000000.0,12.18,2220000000.0,4.61,15.40,17.50,3700000000.0,7.98,518000000.0,2.94,21.35,40580000000.0,1.05,0.21,72.20,5030000.0,1.40,1.70,5470000.0,outperform
52,2011-09-28 02:00:17,1317168017.0,nke,90.58,6.45199200846,1151.060059,-2.67111692884,9.1231089373,6.74,20.63,2.03,4.25,10.22,13.49,11.96,21.77,43.87,38530000000.0,38530000000.0,16.18,1.45,1.85,12.14,1.85,9510000000.0,12.14,2130000000.0,4.39,13.80,13.60,4540000000.0,9.56,663000000.0,2.85,21.03,38530000000.0,0.91,0.21,72.20,5650000.0,1.50,1.90,4650000.0,outperform
53,2013-01-23 19:36:07,1358966167.0,nke,52.99,-37.7247620167,1494.810059,26.3949628939,-64.1197249106,3.28,23.91,1.91,4.78,8.20,11.82,12.49,22.04,27.65,44710000000.0,44710000000.0,17.66,1.95,1.78,13.16,1.78,10470000000.0,13.16,2190000000.0,2.22,18.10,7.40,3520000000.0,3.94,328000000.0,3.01,11.18,2550000000.0,0.79,0.27,85.40,6810000.0,1.50,1.20,3800000.0,underperform
54,2004-12-15 01:44:21,1103071461.0,nke,86.53,1.69232577271,1205.719971,1.95069940657,-0.258373633861,0.159,23.13,1.79,4.55,7.91,12.16,13.33,22.03,47.318,22710000000.0,22350000000.0,18.26,1.44,1.75,11.9,1.75,5250000000.0,11.9,1010000000.0,3.741,99.50,14.50,1300000000.0,4.94,796300000.0,2.946,19.132,1530000000.0,0.803,47.54,60.35,5290000.0,3.971,3.84,4420000.0,underperform
55,2005-02-04 08:29:21,1107502161.0,nke,86.6,1.77459160888,1203.030029,1.72324902435,0.0513425845394,0.159,21.43,1.75,4.29,8.35,12.85,13.85,22.72,48.397,22870000000.0,22060000000.0,17.57,1.35,1.68,11.08,1.68,5250000000.0,11.08,1090000000.0,4.04,99.50,14.50,1660000000.0,6.28,849900000.0,3.021,20.231001,1500000000.0,0.802,47.44,59.26,3360000.0,2.825,2.42,3890000.0,outperform
56,2013-09-05 17:16:45,1378394205.0,nke,65.37,-23.1754612763,1655.079956,39.9467232413,-63.1221845176,12.44,24.16,2.29,5.22,9.82,12.86,12.31,22.88,28.21,51940000000.0,51940000000.0,18.94,1.88,2.05,14.02,2.05,11030000000.0,14.02,2460000000.0,2.71,21.70,7.40,5960000000.0,6.70,1390000000.0,3.47,12.48,3030000000.0,0.61,0.24,83.60,6370000.0,2.00,1.10,5820000.0,underperform
57,2005-04-23 22:06:17,1114286777.0,gci,75.71,0.0,1137.5,0.0,0.0,0.564,15.34,2.63,2.40,17.85,29.10,8.75,15.82,27.571,19090000000.0,23570000000.0,13.33,1.66,3.19,9.85,3.19,3560000000.0,9.85,1320000000.0,4.93,8.70,10.00,135870000.0,0.54,4610000000.0,1.363,32.098,1590000000.0,0.524,0.04,79.08,3880000.0,3.65,1.54,4520000.0,underperform
58,2004-11-02 14:09:53,1099400993.0,gci,82.38,8.8099326377,1130.560059,-0.610104703297,9.42003734099,0.471,17.82,3.11,2.58,17.94,29.25,8.62,15.48,25.773,21920000000.0,25830000000.0,15.63,1.74,3.66,11.2,3.66,3260000000.0,11.2,1270000000.0,4.624,4.40,4.50,112190000.0,0.42,4019999999.9999995,1.326,31.972,1490000000.0,0.687,0.98,81.17,3130000.0,3.779,1.19,4000000.0,outperform
59,2012-07-14 05:17:04,1342235824.0,gci,14.31,-81.0989301281,1341.449951,17.929666022,-99.0285961501,65.80,7.94,0.64,1.43,8.38,15.60,7.71,19.14,21.85,4850000000.0,4850000000.0,6.62,0.92,0.93,4.82,0.93,2280000000.0,4.82,436480000.0,1.80,24.60,2.60,157480000.0,0.67,1670000000.0,1.06,9.95,752140000.0,2.32,0.32,96.90,26180000.0,7.20,11.10,24310000.0,underperform
60,2013-04-25 03:46:03,1366854363.0,gci,20.2,-73.3192444855,1585.160034,39.3547282637,-112.673972749,56.15,11.28,0.86,1.96,7.93,17.03,8.77,18.77,23.04,5940000000.0,5940000000.0,8.02,1.57,1.11,5.37,1.11,2410000000.0,5.37,424280000.0,1.79,11.80,9.40,175030000.0,0.76,1430000000.0,1.15,10.22,756740000.0,1.55,0.39,97.00,25270000.0,10.70,11.10,26190000.0,underperform
61,2012-12-11 03:05:36,1355191536.0,gci,17.85,-76.4231937657,1427.839966,25.5243926154,-101.947586381,61.12,9.70,0.79,1.69,8.39,15.49,7.72,18.10,22.29,5510000000.0,5510000000.0,7.97,2.67,1.06,5.50,1.06,2280000000.0,5.50,438140000.0,1.84,33.40,3.40,237450000.0,1.03,1630000000.0,1.13,10.62,709710000.0,1.47,0.34,97.30,24000000.0,6.50,10.20,23320000.0,underperform
62,2012-02-29 05:10:45,1330488645.0,gci,15.08,-80.0818914278,1365.680054,20.059784967,-100.141676395,70.08,7.98,0.69,1.55,8.76,16.38,7.98,20.29,21.90,5200000000.0,5200000000.0,7.47,1.17,0.99,4.93,0.99,2280000000.0,4.93,458750000.0,1.89,32.80,5.10,166930000.0,0.71,1760000000.0,1.19,9.82,814140000.0,2.75,10.62,86.50,23330000.0,5.20,9.80,18990000.0,underperform
63,2005-02-10 03:11:28,1108001488.0,gci,80.15,5.86448289526,1197.01001,5.23164923077,0.632833664489,0.581,16.79,2.86,2.65,17.91,29.19,8.74,15.72,26.651,20460000000.0,25200000000.0,14.09,1.69,3.48,10.7,3.48,3260000000.0,10.7,1300000000.0,4.78,4.40,4.50,120370000.0,0.47,4580000000.0,1.227,30.622999,1560000000.0,0.557,1.12,78.80,3720000.0,2.99,1.48,3670000.0,outperform
64,2005-03-30 21:00:18,1112209218.0,gci,79.51,5.01915202747,1181.410034,3.86022276923,1.15892925824,0.564,16.11,2.71,2.47,17.85,29.10,8.75,15.82,27.571,20050000000.0,24470000000.0,14.00,1.70,3.32,10.23,3.32,3560000000.0,10.23,1320000000.0,4.93,8.70,10.00,135870000.0,0.54,4610000000.0,1.363,32.098,1590000000.0,0.544,0.04,81.09,4520000.0,3.715,1.79,3460000.0,outperform
65,2004-06-20 16:51:39,1087743099.0,gci,86.85,14.7140404174,1132.050049,-0.479116571429,15.1931569888,0.431,19.20,3.46,2.76,17.94,29.26,8.54,15.68,25.211,23670000000.0,27310000000.0,16.57,1.74,3.96,12.12,3.96,3260000000.0,12.12,1240000000.0,4.524,4.40,4.50,75740000.0,0.28,3720000000.0,1.166,31.693001,1470000000.0,0.663,0.99,80.91,2400000.0,2.409,0.89,3020000.0,outperform
66,2013-03-31 18:22:33,1364746953.0,gci,21.87,-71.1134592524,1569.189941,37.950764044,-109.064223296,56.15,12.22,0.94,2.14,7.93,17.03,8.77,18.77,23.04,6280000000.0,6280000000.0,8.71,1.98,1.17,5.68,1.17,2410000000.0,5.68,424280000.0,1.79,11.80,9.40,175030000.0,0.76,1430000000.0,1.15,10.22,756740000.0,1.55,0.39,97.00,26190000.0,9.80,11.50,24270000.0,underperform
67,2005-01-20 15:14:44,1106230484.0,gci,80.31,6.0758156122,1175.410034,3.33275024176,2.74306537045,0.581,16.82,2.86,2.65,17.91,29.19,8.74,15.72,26.651,20500000000.0,25200000000.0,15.39,1.76,3.48,10.7,3.48,3260000000.0,10.7,1300000000.0,4.775,4.40,4.50,120370000.0,0.47,4580000000.0,1.227,30.622999,1560000000.0,0.601,1.12,81.78,3670000.0,3.185,1.46,3360000.0,outperform
68,2004-07-17 18:53:56,1090083236.0,pnw,40.71,0.0,1111.469971,0.0,0.0,1.101,15.49,1.30,1.30,8.46,17.47,2.62,8.64,31.064,3720000000.0,6840000000.0,12.96,3.83,2.41,7.35,2.41,1650000000.0,7.35,240190000.0,2.628,61.00,6.80,19190000.0,0.21,3140000000.0,0.557,31.200001,946780000.0,0.261,1.05,75.75,2220000.0,4.899,2.46,1670000.0,underperform
69,2004-09-10 13:01:57,1094814117.0,pnw,42.0,3.16875460575,1123.920044,1.12014479247,2.04860981328,1.15,14.97,1.33,1.33,8.90,16.84,2.74,9.08,31.5,3840000000.0,6890000000.0,13.17,4.15,2.39,7.52,2.39,1650000000.0,7.52,256360000.0,2.805,61.00,6.80,271820000.0,2.98,3330000000.0,0.977,31.698,978050000.0,0.258,1.00,76.12,1740000.0,4.206,1.92,2100000.0,outperform
70,2004-11-29 14:24:54,1101734694.0,pnw,45.41,11.5450749202,1178.569946,6.03704794108,5.50802697909,1.106,17.61,1.52,1.40,8.60,18.21,2.44,8.16,29.967,4160000000.0,7080000000.0,14.28,4.55,2.58,7.84,2.58,1650000000.0,7.84,235670000.0,2.579,61.00,6.80,373060000.0,4.07,3290000000.0,0.846,32.507,927260000.0,0.253,0.95,73.18,1320000.0,3.796,1.46,1330000.0,outperform
71,2004-10-10 11:50:00,1097401800.0,pdco,75.92,0.0,1130.650024,0.0,0.0,0.578,32.61,2.44,6.08,7.61,12.54,11.43,21.31,30.593,5210000000.0,5400000000.0,23.43,1.23,2.55,18.79,2.55,702340000.0,18.79,160890000.0,2.328,24.90,18.90,298260000.0,4.35,491580000.0,2.868,12.393,206880000.0,0.221,19.68,56.26,4670000.0,10.781,8.47,4450000.0,underperform
72,2012-01-09 08:48:00,1326095280.0,pdco,29.58,-61.0379346681,1280.699951,13.2711204895,-74.3090551576,38.89,16.05,0.96,2.33,6.32,10.61,9.15,14.85,29.44,3570000000.0,3570000000.0,13.82,1.63,1.05,8.89,1.05,1140000000.0,8.89,215670000.0,1.84,8.30,0.10,250070000.0,2.26,546100000.0,2.92,12.67,396140000.0,0.68,23.46,76.60,5700000.0,5.70,7.60,5110000.0,underperform
73,2013-05-12 19:33:44,1368380024.0,pdco,38.79,-48.906743941,1626.670044,43.8703409075,-92.7770848485,57.39,19.42,1.10,2.93,5.79,9.78,8.32,15.46,34.64,4260000000.0,4260000000.0,17.32,1.59,1.18,10.72,1.18,1160000000.0,10.72,208850000.0,2.00,1.00,2.30,472450000.0,4.63,775160000.0,2.82,13.23,271830000.0,0.77,21.58,70.20,3880000.0,5.60,4.60,3520000.0,underperform
74,2005-04-15 09:34:02,1113550442.0,pdco,51.05,-32.758166491,1142.619995,1.05868047105,-33.8168469621,0.451,39.64,3.01,7.33,7.66,12.60,10.98,20.95,16.813,7010000000.0,7100000000.0,31.91,1.78,3.05,22.2,3.05,702340000.0,22.2,178580000.0,1.29,24.90,18.90,341570000.0,2.49,431570000.0,2.623,6.966,295670000.0,0.172,17.84,66.01,7400000.0,9.09,6.55,8720000.0,underperform
75,2005-02-07 02:29:55,1107739795.0,pdco,49.36,-34.9841938883,1201.719971,6.28576000455,-41.2699538929,0.483,40.56,3.04,7.44,7.61,12.59,10.79,21.00,15.994,6780000000.0,6930000000.0,30.28,1.69,3.13,22.79,3.13,702340000.0,22.79,168500000.0,1.22,24.90,18.90,286200000.0,2.08,436570000.0,2.697,6.573,252070000.0,0.104,17.83,65.35,7710000.0,10.727,6.83,7040000.0,underperform
76,2004-09-10 17:12:28,1094829148.0,pdco,73.81,-2.77924130664,1123.920044,-0.595231049144,-2.18401025749,0.578,31.71,2.40,5.95,7.61,12.54,11.43,21.31,30.593,5060000000.0,5280000000.0,22.78,1.20,2.50,18.37,2.50,702340000.0,18.37,160890000.0,2.328,24.90,18.90,298260000.0,4.35,491580000.0,2.868,12.453,197740000.0,0.258,19.68,56.36,4450000.0,7.788,8.07,3510000.0,underperform
77,2005-03-09 01:48:35,1110329315.0,stj,39.29,-17.0046472328,1207.01001,-1.64200458308,-15.3626426497,0.101,35.56,6.10,5.93,17.87,23.36,14.38,21.13,6.184,14050000000.0,13540000000.0,24.10,1.64,5.90,25.26,5.90,1330000000.0,25.26,409930000.0,1.11,22.80,21.50,688040000.0,1.92,234870000.0,3.052,6.603,525460000.0,0.084,1.61,82.38,2510000.0,0.897,0.71,3900000.0,underperform
78,2005-04-09 19:06:36,1113066396.0,stj,36.44,-23.0249260668,1184.069946,-3.51136663566,-19.5135594311,0.101,32.98,5.79,5.66,17.87,23.36,14.38,21.13,6.184,13160000000.0,12700000000.0,22.36,1.55,5.54,20.43,5.54,1620000000.0,20.43,409930000.0,1.11,20.80,18.70,688040000.0,1.91,234870000.0,3.078,6.506,604280000.0,0.14,1.32,81.37,2760000.0,1.869,0.78,2510000.0,underperform
79,2004-08-03 22:54:18,1091566458.0,stj,66.75,41.0012674271,1099.689941,-10.3874058369,51.388673264,0.195,33.03,5.64,6.16,17.68,24.04,14.29,21.50,11.426,11760000000.0,11690000000.0,24.54,1.82,5.57,23.15,5.57,1330000000.0,23.15,371470000.0,2.021,22.80,21.50,521440000.0,2.96,374660000.0,3.212,10.917,492210000.0,0.104,1.74,80.84,1770000.0,1.89,1.02,2050000.0,outperform
80,2011-12-04 06:22:06,1322976126.0,stj,35.83,-24.3134769751,1244.579956,1.41953139911,-25.7330083742,67.68,13.03,2.21,2.77,16.33,25.35,10.67,21.04,16.96,13430000000.0,13430000000.0,10.01,1.06,2.42,7.90,2.42,3750000000.0,7.90,907240000.0,2.75,8.70,11.50,998000000.0,3.13,3000000000.0,3.44,13.91,13430000000.0,0.72,1.14,87.10,4260000.0,1.00,1.30,6120000.0,underperform
81,2011-10-29 11:46:56,1319881616.0,lnc,21.4,0.0,1242.0,0.0,0.0,44.02,6.25,0.61,0.48,10.25,16.38,0.58,8.45,34.27,7040000000.0,7040000000.0,5.31,0.48,0.65,3.97,0.65,4010000000.0,3.97,1110000000.0,3.43,27.50,7.60,5540000000.0,17.96,5980000000.0,7.55,44.06,7040000000.0,2.90,0.43,82.30,11660000.0,1.40,3.70,12170000.0,underperform
82,2011-08-18 14:14:06,1313669646.0,lnc,20.8,-2.80373831776,1140.650024,-8.16022351047,5.35648519271,44.02,6.07,0.63,0.50,10.25,16.38,0.58,8.45,34.27,7230000000.0,7230000000.0,4.91,0.54,0.67,4.08,0.67,4010000000.0,4.08,1110000000.0,3.43,27.50,7.60,5540000000.0,17.96,5980000000.0,7.55,44.06,7230000000.0,2.77,0.43,82.30,9810000.0,3.10,3.10,10700000.0,outperform
83,2012-08-22 14:38:22,1345639102.0,lnc,24.13,12.7570093458,1413.48999,13.8075676329,-1.05055828706,42.44,29.77,0.63,0.47,2.29,14.39,0.47,1.84,36.55,3530000000.0,3530000000.0,5.46,0.67,0.33,2.28,0.33,4130000000.0,2.28,255000000.0,0.81,6.60,3.30,9200000000.0,32.95,6020000000.0,5.01,50.80,1010000000.0,2.02,0.35,85.50,13840000.0,4.70,4.90,14230000.0,underperform
84,2013-05-14 08:59:56,1368514796.0,lnc,35.03,63.691588785,1650.339966,32.8776140097,30.8139747754,37.65,7.57,0.81,0.63,11.22,15.90,0.54,9.11,42.28,7760000000.0,7760000000.0,7.11,1.02,0.67,4.17,0.67,4310000000.0,4.17,1280000000.0,4.63,1.60,4.90,7190000000.0,26.80,5600000000.0,5.50,55.36,736000000.0,2.07,0.18,88.00,17380000.0,5.70,6.50,14450000.0,outperform
85,2012-01-04 10:52:41,1325670761.0,kmb,73.22,5.11053689348,1277.300049,-11.1610319292,16.2715688226,133.44,17.49,1.39,5.56,8.11,14.08,9.33,31.27,51.97,34830000000.0,34830000000.0,13.95,2.68,1.68,8.82,1.68,6550000000.0,8.82,1680000000.0,4.19,7.90,8.10,1320000000.0,3.35,7290000000.0,1.12,13.17,2720000000.0,0.31,0.21,70.80,4690000.0,1.80,1.20,4960000.0,outperform
86,2012-05-19 12:19:28,1337422768.0,kmb,78.83,13.1639391329,1324.800049,-7.85730467519,21.0212438081,123.18,18.27,1.47,5.78,8.12,13.93,9.27,31.68,53.54,36980000000.0,36980000000.0,14.25,1.89,1.76,9.25,1.76,6150000000.0,9.25,1710000000.0,4.31,33.70,4.20,873000000.0,2.23,6940000000.0,1.20,13.68,2620000000.0,0.18,0.23,69.00,8010000.0,3.10,2.00,6770000.0,outperform
87,2011-12-30 17:04:13,1325261053.0,kmb,73.68,5.77088716624,1257.599976,-12.5312144149,18.3021015812,133.44,17.60,1.41,5.62,8.11,14.08,9.33,31.27,51.97,35130000000.0,35130000000.0,14.04,2.68,1.69,8.90,1.69,6550000000.0,8.90,1680000000.0,4.19,7.90,8.10,1320000000.0,3.35,7290000000.0,1.12,13.17,2720000000.0,0.31,0.21,70.80,4690000.0,1.80,1.20,4960000.0,outperform
88,2011-10-17 05:46:56,1318823216.0,kmb,71.91,3.22997416021,1200.859985,-16.477602934,19.7075770942,127.78,16.97,1.38,5.04,8.45,12.70,8.24,32.54,50.40,34650000000.0,34650000000.0,13.62,2.01,1.70,9.83,1.70,6550000000.0,9.83,1720000000.0,4.24,18.10,8.30,1010000000.0,2.57,7480000000.0,1.09,14.17,34650000000.0,0.39,0.21,70.80,7460000.0,2.30,1.90,6750000.0,outperform
89,2013-04-22 02:54:10,1366592050.0,kmb,106.1,52.3112259546,1562.5,8.67523861709,43.6359873375,140.98,23.08,1.86,8.36,8.58,15.18,10.20,35.62,53.99,47040000000.0,47040000000.0,17.74,2.45,2.23,11.56,2.23,6750000000.0,11.56,1810000000.0,4.60,13.50,1.50,1110000000.0,2.86,7030000000.0,0.98,12.13,3310000000.0,0.04,0.25,68.80,6710000.0,2.90,1.70,8270000.0,outperform
90,2004-09-07 03:17:32,1094519852.0,kmb,68.13,-2.19638242894,1121.300049,-22.0111677527,19.8147853237,0.484,19.21,2.23,4.91,11.70,16.89,10.52,26.88,29.498,33690000000.0,36600000000.0,17.25,2.07,2.45,11.08,2.45,4900000000.0,11.08,1790000000.0,3.546,1.20,5.80,362300000.0,0.73,3280000000.0,1.252,13.676,2750000000.0,0.235,0.43,75.00,2410000.0,1.827,0.49,2430000.0,outperform
91,2013-05-11 12:30:21,1368268221.0,kmb,103.43,48.4783232845,1632.689941,13.5571001126,34.9212231719,140.98,22.50,1.87,8.43,8.58,15.68,10.54,35.62,54.02,45700000000.0,45700000000.0,16.90,2.17,2.16,10.95,2.16,6750000000.0,10.95,1810000000.0,4.60,13.50,1.50,1110000000.0,2.88,7030000000.0,0.98,12.22,3310000000.0,0.05,0.25,68.80,7900000.0,3.30,2.00,8050000.0,outperform
92,2005-03-06 08:14:48,1110093288.0,etr,71.2,0.0,1210.469971,0.0,0.0,0.88,23.00,1.59,1.78,7.59,15.15,2.59,8.20,42.272,15920000000.0,23730000000.0,14.02,2.49,2.42,10.05,2.42,5350000000.0,10.05,720960000.0,3.10,52.50,10.70,587840000.0,2.63,8070000000.0,1.288,39.249001,2540000000.0,0.017,0.02,75.18,4130000.0,4.163,1.85,3720000.0,underperform
93,2012-11-12 05:53:54,1352696034.0,etr,64.9,-8.84831460674,1380.030029,14.0077872283,-22.856101835,136.54,16.34,1.12,1.26,6.80,16.18,2.58,7.52,58.53,24030000000.0,24030000000.0,12.65,5.06,2.32,7.40,2.32,4050000000.0,7.40,704540000.0,3.97,46.30,12.70,749720000.0,4.22,12930000000.0,0.97,51.73,3220000000.0,0.34,0.37,81.90,3690000.0,5.20,2.10,3420000.0,underperform
94,2004-12-04 17:43:23,1102178603.0,etr,64.95,-8.77808988764,1191.369995,-1.57789754869,-7.20019233895,0.88,20.99,1.46,1.63,7.59,15.15,2.59,8.20,42.269,14520000000.0,22340000000.0,13.85,3.42,2.28,9.46,2.28,5350000000.0,9.46,720960000.0,3.095,52.50,10.70,587840000.0,2.63,8070000000.0,1.288,39.249001,2540000000.0,0.048,0.02,78.97,4330000.0,3.445,1.94,4560000.0,underperform
95,2013-04-25 05:07:29,1366859249.0,iff,76.83,60.9005235602,1585.160034,9.4428998808,51.4576236794,82.33,24.86,2.23,5.04,9.01,17.31,9.82,21.54,34.79,6820000000.0,6820000000.0,15.84,2.22,2.42,12.08,2.42,1180000000.0,12.08,252530000.0,3.09,179.20,5.60,324750000.0,3.99,1030000000.0,2.53,15.30,323800000.0,0.76,1.73,80.00,699550.0,2.10,0.90,669280.0,outperform
96,2012-09-18 21:44:12,1347997452.0,iff,60.16,25.9895287958,1459.319946,0.754626232355,25.2349025635,70.52,17.89,1.76,4.00,9.90,16.99,9.82,22.88,34.53,5660000000.0,5660000000.0,13.93,2.57,2.03,10.30,2.03,1100000000.0,10.30,274490000.0,3.36,16.30,0.80,105050000.0,1.29,864880000.0,2.69,15.02,322410000.0,0.88,1.73,83.20,1590000.0,2.90,2.00,1910000.0,outperform
97,2012-11-04 04:51:47,1352001107.0,ges,24.39,-71.2585434834,1427.589966,-2.00575859698,-69.2527848864,1.06,9.56,0.84,2.10,8.80,12.55,11.81,20.77,29.36,1810000000.0,1810000000.0,9.72,1.03,0.69,4.36,0.69,1160000000.0,4.36,229980000.0,2.55,29.30,6.20,281510000.0,3.31,11350000.0,2.80,12.34,320770000.0,1.81,29.85,75.20,7160000.0,6.10,11.10,6710000.0,underperform
98,2012-10-01 10:48:37,1349081317.0,ges,25.42,-70.044779637,1444.48999,-0.845688078819,-69.1990915582,1.06,9.97,0.82,2.06,8.80,12.55,11.81,20.77,29.36,1890000000.0,1890000000.0,9.74,1.08,0.72,4.58,0.72,1160000000.0,4.58,229980000.0,2.55,29.30,6.20,281510000.0,3.31,11350000.0,2.80,12.34,320770000.0,1.80,30.70,71.10,6790000.0,3.30,10.50,6810000.0,underperform
99,2012-09-21 15:21:31,1348233691.0,ges,27.17,-67.9825595098,1460.150024,0.229265646497,-68.2118251563,1.06,10.66,0.88,2.20,8.80,12.55,11.81,20.77,29.36,2040000000.0,2040000000.0,10.42,1.15,0.78,4.94,0.78,1160000000.0,4.94,229980000.0,2.55,29.30,6.20,281510000.0,3.31,11350000.0,2.80,12.34,320770000.0,1.82,30.70,71.10,6810000.0,3.50,10.50,6290000.0,underperform
100,2012-09-23 14:04:56,1348401896.0,ges,26.45,-68.8310157907,1460.26001,0.236815429622,-69.0678312203,1.06,10.37,0.88,2.20,8.80,12.55,11.81,20.77,29.36,1980000000.0,1980000000.0,10.13,1.15,0.75,4.79,0.75,1160000000.0,4.79,229980000.0,2.55,29.30,6.20,281510000.0,3.31,11350000.0,2.80,12.34,320770000.0,1.82,30.70,71.10,6810000.0,3.50,10.50,6290000.0,underperform
101,2011-12-29 05:03:31,1325131411.0,ges,29.58,-65.1425877917,1263.02002,-13.3023545385,-51.8402332532,1.16,10.10,1.07,2.33,10.23,16.17,14.88,22.88,29.11,2430000000.0,2430000000.0,8.86,0.81,0.91,4.77,0.91,1090000000.0,4.77,270690000.0,2.93,4.00,4.70,430810000.0,4.64,14460000.0,2.99,13.17,362010000.0,1.59,31.96,71.30,4000000.0,2.50,6.20,4360000.0,underperform
102,2011-12-30 03:16:46,1325211406.0,ges,29.88,-64.7890643413,1257.599976,-13.6744033149,-51.1146610263,1.16,10.20,1.03,2.25,10.23,16.17,14.88,22.88,29.11,2330000000.0,2330000000.0,8.95,0.81,0.87,4.56,0.87,1090000000.0,4.56,270690000.0,2.93,4.00,4.70,430810000.0,4.64,14460000.0,2.99,13.17,362010000.0,1.59,31.96,71.30,4000000.0,2.50,6.20,4360000.0,underperform
103,2013-05-11 18:45:58,1368290758.0,ges,28.95,-65.8849870375,1632.689941,12.072945331,-77.9579323685,1.00,14.12,0.91,2.22,6.72,10.71,10.00,15.74,30.82,2040000000.0,2040000000.0,13.72,1.76,0.77,5.44,0.77,1070000000.0,5.44,177400000.0,2.05,24.30,5.10,335930000.0,3.94,11070000.0,2.88,12.73,268900000.0,1.78,32.43,72.60,8260000.0,6.00,12.80,8600000.0,underperform
104,2010-12-12 22:03:48,1292187828.0,ges,48.03,-43.4008955927,1233.0,-15.3630226272,-28.0378729655,1.32,16.44,1.81,3.72,11.50,16.51,15.42,25.89,25.95,3850000000.0,3850000000.0,13.76,1.06,1.62,8.42,1.62,941490000.0,8.42,269270000.0,2.92,7.80,17.40,469020000.0,5.16,15210000.0,3.00,12.71,3850000000.0,1.78,30.27,68.10,3110000.0,2.40,4.80,5020000.0,underperform
105,2012-10-11 10:08:06,1349942886.0,ges,24.99,-70.5514965826,1432.839966,-1.64538217264,-68.90611441,1.06,9.80,0.81,2.03,8.80,12.55,11.81,20.77,29.36,1860000000.0,1860000000.0,9.72,1.07,0.71,4.49,0.71,1160000000.0,4.49,229980000.0,2.55,29.30,6.20,281510000.0,3.31,11350000.0,2.80,12.34,320770000.0,1.80,29.85,75.20,6710000.0,5.10,10.40,6790000.0,underperform
106,2012-07-23 13:13:10,1343041990.0,ges,28.26,-66.6980909734,1350.52002,-7.29608079951,-59.4020101739,1.05,10.42,0.95,2.14,9.32,14.44,13.40,21.41,29.42,2070000000.0,2070000000.0,9.55,0.97,0.77,4.43,0.77,1160000000.0,4.43,247520000.0,2.71,37.60,2.20,489970000.0,5.45,12740000.0,3.19,13.20,353310000.0,1.89,30.70,71.10,8530000.0,4.80,13.20,7440000.0,underperform
107,2012-09-21 08:18:43,1348208323.0,ges,27.16,-67.9943436248,1460.150024,0.229265646497,-68.2236092713,1.06,10.65,0.88,2.20,8.80,12.55,11.81,20.77,29.36,2040000000.0,2040000000.0,10.41,1.15,0.78,4.94,0.78,1160000000.0,4.94,229980000.0,2.55,29.30,6.20,281510000.0,3.31,11350000.0,2.80,12.34,320770000.0,1.82,30.70,71.10,6810000.0,3.50,10.50,6290000.0,underperform
108,2012-02-11 10:15:16,1328951716.0,tyc,49.25,85.011269722,1349.959961,21.4080066534,63.6032630686,29.03,16.57,1.33,1.61,8.19,12.04,4.89,9.88,36.72,25860000000.0,25860000000.0,11.92,1.04,1.51,7.61,1.51,6610000000.0,7.61,1410000000.0,2.97,49.50,3.90,1010000000.0,2.20,4170000000.0,1.54,30.84,2530000000.0,0.95,0.17,89.30,2620000.0,0.90,0.60,4990000.0,outperform
109,2012-03-27 16:14:01,1332857641.0,tyc,53.6,101.352366642,1412.52002,27.0343157875,74.3180508541,29.03,18.02,1.43,1.72,8.19,12.04,4.89,9.88,36.72,27680000000.0,27680000000.0,12.97,1.12,1.61,8.15,1.61,6610000000.0,8.15,1410000000.0,2.97,49.50,3.90,1010000000.0,2.20,4170000000.0,1.54,30.84,2530000000.0,1.01,0.17,89.30,2880000.0,1.00,0.60,2950000.0,outperform
110,2013-04-22 03:40:17,1366594817.0,tyc,31.32,17.6558978212,1562.5,40.5226939141,-22.8667960929,28.92,46.40,1.37,2.80,2.97,8.21,2.80,2.76,22.71,15590000000.0,15590000000.0,14.70,1.05,1.48,12.12,1.48,3780000000.0,12.12,271000000.0,0.68,49.40,4.90,501000000.0,1.08,1490000000.0,1.49,11.02,2210000000.0,0.86,0.25,90.10,2540000.0,1.00,0.50,3700000.0,underperform
111,2011-04-21 06:45:55,1303361155.0,tyc,48.96,83.9218632607,1337.380005,20.2766342973,63.6452289634,29.26,16.12,1.40,1.72,8.64,10.52,4.36,9.67,35.33,26270000000.0,26270000000.0,13.71,1.33,1.52,8.60,1.52,6280000000.0,8.60,1320000000.0,3.04,118.20,5.40,2060000000.0,4.35,4150000000.0000005,1.51,29.68,26270000000.0,1.22,0.08,88.10,3300000.0,1.00,0.70,3560000.0,outperform
112,2005-04-18 07:52:22,1113803542.0,tyc,31.33,17.6934635612,1145.97998,3.06316413521,14.630299426,0.484,21.99,1.56,1.97,7.49,13.50,4.80,10.03,18.364,63070000000.0,75170000000.0,13.62,1.03,1.85,9.83,1.85,14500000000.0,9.83,3030000000.0,1.43,193.90,9.10,3440000000.0,1.71,15530000000.0,1.884,15.934,5140000000.0,2.007,1.00,84.14,58660000.0,5.687,2.94,54510000.0,outperform
113,2005-03-06 04:20:42,1110079242.0,tyc,35.62,33.8091660406,1210.469971,8.86304078533,24.9461252552,0.484,25.00,1.72,2.17,7.49,13.50,4.80,10.03,18.364,71710000000.0,83800000000.0,15.49,1.16,2.07,10.96,2.07,14500000000.0,10.96,3030000000.0,1.43,193.90,9.10,3440000000.0,1.71,15530000000.0,1.884,15.934,5140000000.0,2.162,1.00,83.87,54510000.0,5.743,2.74,54450000.0,outperform
114,2005-02-20 13:39:33,1108903173.0,tyc,33.61,26.2584522915,1200.75,7.98887981913,18.2695724724,0.484,23.59,1.65,2.08,7.49,13.50,4.80,10.03,18.364,67660000000.0,79760000000.0,14.61,1.09,1.97,10.44,1.97,14500000000.0,10.44,3030000000.0,1.43,193.90,9.10,3440000000.0,1.71,15530000000.0,1.884,15.934,5140000000.0,2.162,1.00,80.06,54450000.0,6.233,2.73,63220000.0,outperform
115,2013-05-23 19:16:41,1369329401.0,tyc,34.08,28.0240420736,1650.51001,48.43783228,-20.4137902063,31.46,279.59,1.49,3.35,0.59,7.45,2.53,3.42,22.80,16810000000.0,16810000000.0,15.87,1.14,1.59,13.86,1.59,3780000000.0,13.86,331000000.0,0.12,77.70,2.60,576000000.0,1.24,1490000000.0,1.33,10.18,1740000000.0,0.86,0.25,90.10,2490000.0,0.70,0.50,3300000.0,underperform
116,2012-03-26 05:05:30,1332731130.0,tyc,52.86,98.5725018783,1416.51001,27.3931536394,71.1793482389,29.03,17.79,1.42,1.72,8.19,12.04,4.89,9.88,36.72,27530000000.0,27530000000.0,12.80,1.11,1.60,8.10,1.60,6610000000.0,8.10,1410000000.0,2.97,49.50,3.90,1010000000.0,2.20,4170000000.0,1.54,30.84,2530000000.0,1.01,0.17,89.30,2880000.0,1.00,0.60,2950000.0,outperform
117,2012-03-26 20:54:31,1332788071.0,tyc,53.19,99.8121712998,1416.51001,27.3931536394,72.4190176604,29.03,17.90,1.42,1.71,8.19,12.04,4.89,9.88,36.72,27530000000.0,27530000000.0,12.88,1.11,1.60,8.10,1.60,6610000000.0,8.10,1410000000.0,2.97,49.50,3.90,1010000000.0,2.20,4170000000.0,1.54,30.84,2530000000.0,1.01,0.17,89.30,2880000.0,1.00,0.60,2950000.0,outperform
